titulo,titulo_abreviado,link,precio_actual,precio_sin_descuento,criticas,calificacion,porcentaje_de_descuento
Asus GL503GE-RS71 Strix Scar 15.6in FHD 120Hz Intel i5-8750H NVIDIA GTX 1050Ti 8GB DDR4 2666MHz 1TB SSHD (Renewed),Asus GL503GE-RS71 St,/GL503GE-RS71-15-6in-i5-8750H-2666MHz-Renewed/dp/B07MCJJFTC/ref=sr_1_58?dchild=1&keywords=laptop+asus+a15&qid=1617698494&s=pc&sr=1-58,899.66,1999.11,0.0,0.0,54.9969736532757
"2019 ASUS TUF 17.3"" FHD Gaming Laptop Computer, AMD Ryzen 7 3750H Quad-Core up to 4.0GHz, 8GB DDR4 RAM, 512GB PCIE SSD, GeForce GTX 1650 4GB, 802.11ac WiFi, Bluetooth 4.2, HDMI, Windows 10 (Renewed)","2019 ASUS TUF 17.3"" ",/gp/slredirect/picassoRedirect.html/ref=pa_sp_mtf_computers_sr_pg2_1?ie=UTF8&adId=A03132131SZ3O8H025RB7&url=%2FASUS-Computer-Quad-Core-802-11ac-Bluetooth%2Fdp%2FB084YZCP5J%2Fref%3Dsr_1_40_sspa%3Fdchild%3D1%26keywords%3Dlaptop%2Basus%2Ba15%26qid%3D1617698486%26s%3Dpc%26sr%3D1-40-spons%26psc%3D1&qualifier=1617698486&id=5488950642072768&widgetName=sp_mtf,959.0,1299.99,1.0,0.0,26.230201770782855
"MSI Creator 15 Professional Laptop: 15.6"" 4K UHD Ultra-Thin Bezel Display, Intel Core i7-10875H, GeForce RTX 2070 Super, 32GB RAM, 1TB NVMe SSD, Thunderbolt 3, 100% Adobe RGB, Win10 PRO (A10SFS-287)",MSI Creator 15 Profe,/gp/slredirect/picassoRedirect.html/ref=pa_sp_mtf_computers_sr_pg1_1?ie=UTF8&adId=A08582333IVSKZHWU0UXF&url=%2FMSI-A10SFS-287-Professional-i7-10875H-Win10PRO%2Fdp%2FB08DHY3VF6%2Fref%3Dsr_1_17_sspa%3Fdchild%3D1%26keywords%3Dlaptop%2Basus%2Ba15%26qid%3D1617698478%26s%3Dpc%26sr%3D1-17-spons%26psc%3D1&qualifier=1617698478&id=3952401765449690&widgetName=sp_mtf,1699.0,2199.0,73.0,0.0,22.737608003638016
"MSI GS66 Stealth 10SE-442 15.6"" 240Hz 3ms Ultra Thin and Light Gaming Laptop Intel Core i7-10875H RTX2060 16GB 512GB NVMe SSD Win10PRO VR Ready",MSI GS66 Stealth 10S,/gp/slredirect/picassoRedirect.html/ref=pa_sp_atf_computers_sr_pg1_1?ie=UTF8&adId=A10233061FTP76IOCNUSO&url=%2FMSI-GS66-Stealth-10SE-442-i7-10875H%2Fdp%2FB0895Q3HW5%2Fref%3Dsr_1_2_sspa%3Fdchild%3D1%26keywords%3Dlaptop%2Basus%2Ba15%26qid%3D1617698478%26s%3Dpc%26sr%3D1-2-spons%26psc%3D1&qualifier=1617698478&id=3952401765449690&widgetName=sp_atf,1400.55,1699.0,27.0,0.0,17.56621542083579
"ASUS ProArt StudioBook Pro 15 Mobile Workstation Laptop, 15.6” UHD NanoEdge Bezel, Intel Core i7-9750H, 48GB DDR4, 2TB PCIe SSD, Nvidia Quadro RTX 5000, Windows 10 Pro, W500G5T-XS77, Star Grey",ASUS ProArt StudioBo,/ASUS-StudioBook-Workstation-NanoEdge-W500G5T-XS77/dp/B082M2QV3L/ref=sr_1_9?dchild=1&keywords=laptop+asus+a15&qid=1617698478&s=pc&sr=1-9,3499.99,3999.99,32.0,4.2,12.500031250078123
"Asus FX504 TUF Gaming Laptop, 15.6” Full HD, 8th Gen Intel Core i7-8750H Processor, GeForce GTX 1050 Ti, 8GB DDR4, 256GB M.2 SSD, Gigabit WiFi, Windows 10 - FX504GE-ES72 Black Matter Edition",Asus FX504 TUF Gamin,/i7-8750H-Processor-GeForce-Gigabit-Windows/dp/B07DY11M1F/ref=sr_1_31?dchild=1&keywords=laptop+asus+a15&qid=1617698486&s=pc&sr=1-31,886.0,999.99,326.0,4.3,11.399113991139913
AC Charger for MSI GS73VR GE62VR GS63VR GS43VR GE62 GE72 GS60 GS70 GT60 GT70 GP62 GP62X GP62MVR GP62MVRX GP72 GT783 GT780DX Laptop Power Supply Adapter Cord,AC Charger for MSI G,/gp/slredirect/picassoRedirect.html/ref=pa_sp_atf_next_computers_sr_pg3_1?ie=UTF8&adId=A076949433B1QPGUS2TXZ&url=%2FCharger-GP62MVR-GP62MVRX-GT780DX-Adapter%2Fdp%2FB07MZ28GRY%2Fref%3Dsr_1_49_sspa%3Fdchild%3D1%26keywords%3Dlaptop%2Basus%2Ba15%26qid%3D1617698494%26s%3Dpc%26sr%3D1-49-spons%26psc%3D1&qualifier=1617698494&id=4200197485281008&widgetName=sp_atf_next,40.99,45.99,11.0,0.0,10.87192868014786
"Laptop 14 Inch, Windows 10, 6GB RAM, 128GB SSD Storage, Intel Celeron Processor N3350, Touch Numeric Keypad, Webcam Baffle, Winbook 140, Space Grey","Laptop 14 Inch, Wind",/gp/slredirect/picassoRedirect.html/ref=pa_sp_mtf_computers_sr_pg1_1?ie=UTF8&adId=A10181002LN9UII1W5L01&url=%2FWindows-Storage-Celeron-Processor-Numeric%2Fdp%2FB08HRM36NG%2Fref%3Dsr_1_7_sspa%3Fdchild%3D1%26keywords%3Dlaptop%2Basus%2Ba15%26qid%3D1617698478%26s%3Dpc%26sr%3D1-7-spons%26psc%3D1&qualifier=1617698478&id=3952401765449690&widgetName=sp_mtf,289.0,309.0,24.0,0.0,6.472491909385113
"ROG Zephyrus G15 (2020) Ultra Slim Gaming Laptop, 15.6” 144Hz FHD Display, GeForce GTX 1660 Ti Max-Q, AMD Ryzen 7 4800HS, 16GB DDR4, 1TB PCIe NVMe SSD, Gig+ Wi-Fi 6, Windows 10 Home, GA502IU-ES76",ROG Zephyrus G15 (20,/Zephyrus-Gaming-GeForce-Windows-GA502IU-ES76/dp/B0863S8HJ3/ref=sr_1_21?dchild=1&keywords=laptop+asus+a15&qid=1617698478&s=pc&sr=1-21,1238.0,1299.99,350.0,4.4,4.768498219217079
"ASUS VivoBook F510UA Thin and Lightweight 15.6” FHD WideView NanoEdge Laptop, Intel Core i5-7200U 2.5GHz, 8GB DDR4 RAM, 1TB HDD, USB Type-C, Fingerprint Reader, Windows 10 – F510UA-AH50",ASUS VivoBook F510UA,/ASUS-VivoBook-Lightweight-WideView-Fingerprint/dp/B07JJR5SJ5/ref=sr_1_55?dchild=1&keywords=laptop+asus+a15&qid=1617698494&s=pc&sr=1-55,949.0,949.0,415.0,3.8,0.0
19V 6.32A 120W Laptop Adapter A15-120P1A PA-1121-28 AC Power Charger Compatible Asus FX504 UX510UW N56J N56VM N56VZ N750 N500 G50 N53S N55 Laptop Power Supply Adapter Cord Replacment,19V 6.32A 120W Lapto,/gp/slredirect/picassoRedirect.html/ref=pa_sp_mtf_computers_sr_pg3_1?ie=UTF8&adId=A06093841X7ITPONSKCP2&url=%2FAdapter-A15-120P1A-PA-1121-28-Compatible-Replacment%2Fdp%2FB088Z8HF6N%2Fref%3Dsr_1_59_sspa%3Fdchild%3D1%26keywords%3Dlaptop%2Basus%2Ba15%26qid%3D1617698494%26s%3Dpc%26sr%3D1-59-spons%26psc%3D1&qualifier=1617698494&id=4200197485281008&widgetName=sp_mtf,36.99,36.99,0.0,0.0,0.0
"ASUS VivoBook S15 S533 Thin and Light Laptop, 15.6” FHD Display, Intel Core i7-1165G7 CPU, 16GB DDR4 RAM, 512GB PCIe SSD, Fingerprint Reader, Wi-Fi 6, Windows 10 Home, Dreamy White, S533EA-DH74-WH",ASUS VivoBook S15 S5,/ASUS-VivoBook-i7-1165G7-Fingerprint-S533EA-DH74-WH/dp/B08KH4RVBM/ref=sr_1_61?dchild=1&keywords=laptop+asus+a15&qid=1617698494&s=pc&sr=1-61,1199.99,1199.99,105.0,4.6,0.0
"Puccy Tempered Glass Screen Protector Film, compatible with ASUS TUF Gaming A15 FA506IV 15.6"" （Active Area Cover Only） Protective Protectors Guard",Puccy Tempered Glass,/Puccy-Protector-compatible-Protective-Protectors/dp/B08THF2XX8/ref=sr_1_71?dchild=1&keywords=laptop+asus+a15&qid=1617698494&s=pc&sr=1-71,47.08,47.08,0.0,0.0,0.0
"ASUS VivoBook S14 S433 Thin and Light Laptop, 14” FHD Display, Intel Core i5-1135G7 CPU, 8GB DDR4 RAM, 512GB PCIe SSD, Thunderbolt 3, Wi-Fi 6, Windows 10 Home, Dreamy White, S433EA-DH51-WH",ASUS VivoBook S14 S4,/ASUS-VivoBook-i5-1135G7-Thunderbolt-S433EA-DH51-WH/dp/B08KH255QH/ref=sr_1_62?dchild=1&keywords=laptop+asus+a15&qid=1617698494&s=pc&sr=1-62,679.99,679.99,112.0,4.5,0.0
"ASUS L402WA-EH21 Thin and Light 14” HD Laptop; AMD E2-6110 Quad Core 1.5GHz Processor,AMD Radeon R2 Graphics,4GB RAM,32GB eMMC Flash Storage,Windows 10 S with FREE 1yr Office 365 Subscription Included",ASUS L402WA-EH21 Thi,/ASUS-L402WA-EH21-Processor-Graphics-Subscription/dp/B076BFW7VZ/ref=sr_1_53?dchild=1&keywords=laptop+asus+a15&qid=1617698494&s=pc&sr=1-53,358.98,358.98,533.0,3.8,0.0
"2019 ASUS - 15.6"" Laptop - AMD A12-Series 8GB Memory AMD Radeon R7 128GB SSD Windows 10","2019 ASUS - 15.6"" La",/2019-ASUS-Laptop-A12-Windows/dp/B07PWKBMDM/ref=sr_1_56?dchild=1&keywords=laptop+asus+a15&qid=1617698494&s=pc&sr=1-56,589.99,589.99,59.0,4.1,0.0
"Puccy Privacy Screen Protector Film, compatible with ASUS TUF Gaming A15 FA506IV 15.6"" Anti Spy TPU Guard （ Not Tempered Glass Protectors ）",Puccy Privacy Screen,/Puccy-Protector-compatible-Tempered-Protectors/dp/B08THM7CVZ/ref=sr_1_63?dchild=1&keywords=laptop+asus+a15&qid=1617698494&s=pc&sr=1-63,32.98,32.98,0.0,0.0,0.0
120W AC Charger for Asus FX504 N550J N550L N580G N580V GL502V GL752VW GL752VL GL752V GL753V ADP-120RH BB ADP-120RH B ADP-120ZB BB PA-1121-04 N120W-02 A15-120P1A Laptop Power Supply Adapter Cord,120W AC Charger for ,/gp/slredirect/picassoRedirect.html/ref=pa_sp_mtf_computers_sr_pg3_1?ie=UTF8&adId=A0146737HI2KJ4XR3EC2&url=%2FADP-120RH-ADP-120ZB-PA-1121-04-N120W-02-A15-120P1A%2Fdp%2FB08798LNS3%2Fref%3Dsr_1_64_sspa%3Fdchild%3D1%26keywords%3Dlaptop%2Basus%2Ba15%26qid%3D1617698494%26s%3Dpc%26sr%3D1-64-spons%26psc%3D1&qualifier=1617698494&id=4200197485281008&widgetName=sp_mtf,33.99,33.99,19.0,0.0,0.0
"Puccy 2 Pack Anti Blue Light Screen Protector Film, Compatible with ASUS TUF Gaming A15 FA506II / FA506IU / FA506IH 15.6"" TPU Guard （ Not Tempered Glass Protectors ）",Puccy 2 Pack Anti Bl,/Puccy-Protector-Compatible-Tempered-Protectors/dp/B08THH7M7L/ref=sr_1_65?dchild=1&keywords=laptop+asus+a15&qid=1617698494&s=pc&sr=1-65,22.98,22.98,0.0,0.0,0.0
"2019 ASUS TUF 15.6"" FHD Gaming Laptop Computer, AMD Ryzen 7 3750H Quad-Core up to 4.0GHz, 16GB DDR4 RAM, 256GB PCIe SSD, GeForce GTX 1650 4GB, 802.11ac WiFi, Bluetooth 4.2, USB 3.1, HDMI, Windows 10","2019 ASUS TUF 15.6"" ",/ASUS-Computer-Quad-Core-802-11ac-Bluetooth/dp/B07VWGTBJL/ref=sr_1_66?dchild=1&keywords=laptop+asus+a15&qid=1617698494&s=pc&sr=1-66,1199.0,1199.0,0.0,0.0,0.0
"Puccy 3 Pack Screen Protector Film, compatible with ASUS TUF Gaming A15 FA506II / FA506IU / FA506IH 15.6"" TPU Guard （ Not Tempered Glass Protectors ）",Puccy 3 Pack Screen ,/Puccy-Protector-compatible-Tempered-Protectors/dp/B08THZGT1R/ref=sr_1_67?dchild=1&keywords=laptop+asus+a15&qid=1617698494&s=pc&sr=1-67,20.98,20.98,0.0,0.0,0.0
Asus Vivobook L510 Ultra Thin Laptop I 15.6” FHD Display I Intel Celeron N4020 I 4GB RAM 64GB eMMC I Backlit Fingerprint USB-C HDMI Win10S + 2Weeks SkyCare Support,Asus Vivobook L510 U,/Vivobook-Display-Celeron-Backlit-Fingerprint/dp/B08Z1HXK6H/ref=sr_1_57?dchild=1&keywords=laptop+asus+a15&qid=1617698494&s=pc&sr=1-57,319.99,319.99,0.0,0.0,0.0
New 19V 6.32A 120w Laptop Charger Replacment Compatible ASUS ROG GL502VT GL502V GL502 GL502VT-DS71 Gaming Series Laptops,New 19V 6.32A 120w L,/gp/slredirect/picassoRedirect.html/ref=pa_sp_btf_computers_sr_pg3_1?ie=UTF8&adId=A0139820JAU0CGHPP0WX&url=%2FReplacment-Compatible-GL502VT-DS71-PA-1121-28-A15-120P1A%2Fdp%2FB07H3L674B%2Fref%3Dsr_1_69_sspa%3Fdchild%3D1%26keywords%3Dlaptop%2Basus%2Ba15%26qid%3D1617698494%26s%3Dpc%26sr%3D1-69-spons%26psc%3D1&qualifier=1617698494&id=4200197485281008&widgetName=sp_btf,35.99,35.99,62.0,0.0,0.0
"Acer Aspire 5 Slim Laptop, 15.6 inches Full HD IPS Display, AMD Ryzen 3 3200U, Vega 3 Graphics, 4GB DDR4, 128GB SSD, Backlit Keyboard, Windows 10 in S Mode, A515-43-R19L, Silver",Acer Aspire 5 Slim L,/gp/slredirect/picassoRedirect.html/ref=pa_sp_atf_computers_sr_pg1_1?ie=UTF8&adId=A07556861RLDQP8Y4P1YD&url=%2FAcer-Display-Graphics-Keyboard-A515-43-R19L%2Fdp%2FB07RF1XD36%2Fref%3Dsr_1_1_sspa%3Fdchild%3D1%26keywords%3Dlaptop%2Basus%2Ba15%26qid%3D1617698478%26s%3Dpc%26sr%3D1-1-spons%26psc%3D1&qualifier=1617698478&id=3952401765449690&widgetName=sp_atf,364.99,364.99,0.0,0.0,0.0
"Puccy Tempered Glass Screen Protector Film, compatible with ASUS TUF Gaming A15 15.6"" （Active Area Cover Only） Protective Protectors Guard",Puccy Tempered Glass,/Puccy-Protector-compatible-Protective-Protectors/dp/B08TH83Q3S/ref=sr_1_75?dchild=1&keywords=laptop+asus+a15&qid=1617698494&s=pc&sr=1-75,47.08,47.08,0.0,0.0,0.0
"Puccy Privacy Screen Protector Film, compatible with ASUS TUF Gaming A15 FA506II / FA506IU / FA506IH 15.6"" Anti Spy TPU Guard （ Not Tempered Glass Protectors ）",Puccy Privacy Screen,/Puccy-Protector-compatible-Tempered-Protectors/dp/B08THLRZW4/ref=sr_1_72?dchild=1&keywords=laptop+asus+a15&qid=1617698494&s=pc&sr=1-72,32.98,32.98,0.0,0.0,0.0
"Puccy Anti Blue Light Tempered Glass Screen Protector Film, compatible with ASUS TUF Gaming A15 FA506II / FA506IU / FA506IH 15.6"" （Active Area Cover Only） Protective Protectors Guard",Puccy Anti Blue Ligh,/Puccy-Protector-compatible-Protective-Protectors/dp/B08TH9YKKS/ref=sr_1_74?dchild=1&keywords=laptop+asus+a15&qid=1617698494&s=pc&sr=1-74,49.49,49.49,0.0,0.0,0.0
"Lenovo Chromebook C330 2-in-1 Convertible Laptop, 11.6-Inch HD (1366 x 768) IPS Display, MediaTek MT8173C Processor, 4GB LPDDR3, 64 GB eMMC, Chrome OS, 81HY0000US, Blizzard White",Lenovo Chromebook C3,/gp/slredirect/picassoRedirect.html/ref=pa_sp_btf_computers_sr_pg4_1?ie=UTF8&adId=A078323138M4Y774LELTV&url=%2FLenovo-Chromebook-Convertible-11-6-Inch-81HY0000US%2Fdp%2FB07GM2J11Q%2Fref%3Dsr_1_86_sspa%3Fdchild%3D1%26keywords%3Dlaptop%2Basus%2Ba15%26qid%3D1617698501%26s%3Dpc%26sr%3D1-86-spons%26psc%3D1&qualifier=1617698501&id=7803689857086929&widgetName=sp_btf,274.14,274.14,0.0,0.0,0.0
Timetec Hynix IC 4GB DDR3L 1600MHz PC3L-12800 Non ECC Unbuffered 1.35V CL11 2Rx8 Dual Rank 204 Pin SODIMM Laptop Notebook Computer Memory Ram Module Upgrade (Low Density 4GB),Timetec Hynix IC 4GB,/gp/slredirect/picassoRedirect.html/ref=pa_sp_mtf_computers_sr_pg4_1?ie=UTF8&adId=A07114993GT9VG4ESPKYZ&url=%2FTimetec-PC3L-12800-Unbuffered-Notebook-Computer%2Fdp%2FB0145V6NUA%2Fref%3Dsr_1_85_sspa%3Fdchild%3D1%26keywords%3Dlaptop%2Basus%2Ba15%26qid%3D1617698501%26s%3Dpc%26sr%3D1-85-spons%26psc%3D1%26smid%3DA23AD5LOJUVSEP&qualifier=1617698501&id=7803689857086929&widgetName=sp_mtf,21.99,21.99,993.0,0.0,0.0
"120W Laptop Charger 19V 6.32A AC Adapter for ASUS ROG GL502VT GL502V GL502 GL502VT-DS71 Gaming Laptop ADP-120ZB BB, ADP-120RH B, PA-1121-28, A15-120P1A, N120W-02 Series Laptops",120W Laptop Charger ,/gp/slredirect/picassoRedirect.html/ref=pa_sp_mtf_computers_sr_pg4_1?ie=UTF8&adId=A0372688GYNZCXM1UYN&url=%2FGL502VT-DS71-ADP-120ZB-ADP-120RH-PA-1121-28-A15-120P1A%2Fdp%2FB088YKXD16%2Fref%3Dsr_1_83_sspa%3Fdchild%3D1%26keywords%3Dlaptop%2Basus%2Ba15%26qid%3D1617698501%26s%3Dpc%26sr%3D1-83-spons%26psc%3D1&qualifier=1617698501&id=7803689857086929&widgetName=sp_mtf,37.99,37.99,0.0,0.0,0.0
"Newest ASUS VivoBook 15 Laptop 15.6"" FHD 10th Gen Intel Core i3 1005G1 CPU (Up to 3.4GHz) 8GB DDR4 RAM, 256GB SSD, Fingerprint Reader, Windows 10, Slate Gray",Newest ASUS VivoBook,/Newest-ASUS-VivoBook-Fingerprint-Windows/dp/B08PW7TSD4/ref=sr_1_82?dchild=1&keywords=laptop+asus+a15&qid=1617698501&s=pc&sr=1-82,451.89,451.89,2.0,5.0,0.0
"2018 ASUS Laptop - 11.6"" 1366 x 768 HD Resolution - Intel Celeron N4000 - 2GB Memory - 32GB eMMC Flash Memory - Windows 10 - Star Gray",2018 ASUS Laptop - 1,/2018-ASUS-Laptop-Resolution-Celeron/dp/B07K4QJGSC/ref=sr_1_80?dchild=1&keywords=laptop+asus+a15&qid=1617698501&s=pc&sr=1-80,282.7,282.7,157.0,4.4,0.0
"2019 ASUS TUF 15.6"" FHD Gaming Laptop Computer, AMD Ryzen 7 3750H Quad-Core up to 4.0GHz, 16GB DDR4 RAM, 1TB HDD + 256GB PCIe SSD, GeForce GTX 1650 4GB, 802.11ac WiFi, Bluetooth 4.2, HDMI, Windows 10","2019 ASUS TUF 15.6"" ",/ASUS-Computer-Quad-Core-802-11ac-Bluetooth/dp/B07VVBPWN6/ref=sr_1_79?dchild=1&keywords=laptop+asus+a15&qid=1617698501&s=pc&sr=1-79,1299.0,1299.0,0.0,0.0,0.0
"Newest ASUS VivoBook 15.6"" FHD Touchscreen Laptop, Intel i3-1005G1 up to 3.4GHz, 8GB DDR4 RAM, 128GB SSD, Fingerprint Reader, WiFi,HDMI, Windows 10 S + AllyFlex Mouspad",Newest ASUS VivoBook,/ASUS-VivoBook-Touchscreen-i3-1005G1-Fingerprint/dp/B08MVRB4X2/ref=sr_1_78?dchild=1&keywords=laptop+asus+a15&qid=1617698501&s=pc&sr=1-78,479.0,479.0,37.0,4.5,0.0
"2019 ASUS TUF 15.6"" FHD Gaming Laptop Computer, AMD Ryzen 7 3750H Quad-Core up to 4.0GHz, 32GB DDR4 RAM, 256GB PCIe SSD, GeForce GTX 1650 4GB, 802.11ac WiFi, Bluetooth 4.2, USB 3.1, HDMI, Windows 10","2019 ASUS TUF 15.6"" ",/ASUS-Computer-Quad-Core-802-11ac-Bluetooth/dp/B07VWH5HS6/ref=sr_1_77?dchild=1&keywords=laptop+asus+a15&qid=1617698501&s=pc&sr=1-77,1399.0,1399.0,0.0,0.0,0.0
"Puccy Tempered Glass Screen Protector Film, compatible with ASUS TUF Gaming A15 FA506II / FA506IU / FA506IH 15.6"" （Active Area Cover Only） Protective Protectors Guard",Puccy Tempered Glass,/Puccy-Protector-compatible-Protective-Protectors/dp/B08TH6VRDZ/ref=sr_1_76?dchild=1&keywords=laptop+asus+a15&qid=1617698501&s=pc&sr=1-76,47.08,47.08,0.0,0.0,0.0
"2019 ASUS TUF 15.6"" FHD Gaming Laptop Computer, AMD Ryzen 7 3750H Quad-Core up to 4.0GHz, 16GB DDR4 RAM, 512GB PCIe SSD, GeForce GTX 1650 4GB, 802.11ac WiFi, Bluetooth 4.2, USB 3.1, HDMI, Windows 10","2019 ASUS TUF 15.6"" ",/ASUS-Computer-Quad-Core-802-11ac-Bluetooth/dp/B07W1P4R8X/ref=sr_1_75?dchild=1&keywords=laptop+asus+a15&qid=1617698501&s=pc&sr=1-75,1269.0,1269.0,0.0,0.0,0.0
New Slim AC Charger Fit for Asus ROG GL504GS S5DV S5DU GX531GWR GX502GW Plus GA502DU GU502GU S5DV S5DW S7DW Plus S5D S7D x2pro GM501GS GX501VI-XS75 ADP-230GB Laptop Power Supply Adapter Cord,New Slim AC Charger ,/gp/slredirect/picassoRedirect.html/ref=pa_sp_atf_next_computers_sr_pg4_1?ie=UTF8&adId=A04207483MXU7TLL5UB7L&url=%2FGX501VI-GZ027T-GX501VI-GZ025T-GX501VI-GZ022T-GX501VI-GZ021T-GX501VI-GZ020T%2Fdp%2FB07VCYC8TF%2Fref%3Dsr_1_74_sspa%3Fdchild%3D1%26keywords%3Dlaptop%2Basus%2Ba15%26qid%3D1617698501%26s%3Dpc%26sr%3D1-74-spons%26psc%3D1&qualifier=1617698501&id=7803689857086929&widgetName=sp_atf_next,110.77,110.77,3.0,0.0,0.0
"Lenovo IdeaPad Gaming 3i 15"" Gaming Laptop, 15.6"" FHD (1920 x 1080) Display, Intel Core i5-10300H Processor, 8GB DDR4 RAM, 512GB SSD, NVIDIA GTX 1650Ti Graphics, Windows 10, 81Y400U6US, Onyx Black",Lenovo IdeaPad Gamin,/gp/slredirect/picassoRedirect.html/ref=pa_sp_atf_next_computers_sr_pg4_1?ie=UTF8&adId=A010589833APQOUB4SNPT&url=%2FLenovo-i5-10300H-Processor-Graphics-81Y400U6US%2Fdp%2FB08L5KL4SG%2Fref%3Dsr_1_73_sspa%3Fdchild%3D1%26keywords%3Dlaptop%2Basus%2Ba15%26qid%3D1617698501%26s%3Dpc%26sr%3D1-73-spons%26psc%3D1&qualifier=1617698501&id=7803689857086929&widgetName=sp_atf_next,816.4,816.4,23.0,0.0,0.0
ASUS VivoBook Flip 14-inch Touch Screen Intel Celeron 4GB 128GB eMMC Win 10 S Mode 2-in-1 Laptop,ASUS VivoBook Flip 1,/ASUS-VivoBook-14-inch-Screen-Celeron/dp/B08NPKXK6Z/ref=sr_1_78?dchild=1&keywords=laptop+asus+a15&qid=1617698494&s=pc&sr=1-78,379.99,379.99,22.0,4.4,0.0
"Puccy 3 Pack Screen Protector Film, compatible with ASUS TUF Gaming A15 FA506IV 15.6"" TPU Guard （ Not Tempered Glass Protectors ）",Puccy 3 Pack Screen ,/Puccy-Protector-compatible-Tempered-Protectors/dp/B08THYNH29/ref=sr_1_77?dchild=1&keywords=laptop+asus+a15&qid=1617698494&s=pc&sr=1-77,20.98,20.98,0.0,0.0,0.0
"2019 ASUS TUF 15.6"" FHD Gaming Laptop Computer, AMD Ryzen 7 3750H Quad-Core up to 4.0GHz, 8GB DDR4 RAM, 1TB HDD + 256GB PCIe SSD, GeForce GTX 1650 4GB, 802.11ac WiFi, Bluetooth 4.2, HDMI, Windows 10","2019 ASUS TUF 15.6"" ",/ASUS-Computer-Quad-Core-802-11ac-Bluetooth/dp/B07VVB984J/ref=sr_1_76?dchild=1&keywords=laptop+asus+a15&qid=1617698494&s=pc&sr=1-76,1249.0,1249.0,0.0,0.0,0.0
"Used Like New Notebook latitu de 5480 Laptop, 14"" HD, Intel Core i5-6300, 8GB DDR3, 180GB Solid State Drive, Windows 10",Used Like New Notebo,/gp/slredirect/picassoRedirect.html/ref=pa_sp_atf_next_computers_sr_pg3_1?ie=UTF8&adId=A06955272EVID0AM6D82J&url=%2FNotebook-latitu-5480-i5-6300-Windows%2Fdp%2FB08PK81MDJ%2Fref%3Dsr_1_50_sspa%3Fdchild%3D1%26keywords%3Dlaptop%2Basus%2Ba15%26qid%3D1617698494%26s%3Dpc%26sr%3D1-50-spons%26psc%3D1&qualifier=1617698494&id=4200197485281008&widgetName=sp_atf_next,389.78,389.78,0.0,0.0,0.0
"ASUS VivoBook F512DA Laptop, 15.6"" FHD Display, AMD Ryzen 3 3200U Upto 3.5GHz, 12GB RAM, 512GB NVMe SSD, Vega 3, HDMI, Card Reader, Wi-Fi, Bluetooth, Windows 10 Pro",ASUS VivoBook F512DA,/ASUS-VivoBook-Display-Bluetooth-Windows/dp/B07YST4G5N/ref=sr_1_50?dchild=1&keywords=laptop+asus+a15&qid=1617698486&s=pc&sr=1-50,889.0,889.0,70.0,4.3,0.0
"ASUS ROG GL753VE Gaming Laptop 17.3"" FHD (1920 x 1080) Glossy Display Intel 7th Gen i7-7700HQ 16GB RAM 1TB HDD + 128GB SSD 4GB NVIDIA GeForce GTX 1050Ti Graphics Metalic Black",ASUS ROG GL753VE Gam,/ASUS-ROG-GL753VE-i7-7700HQ-Graphics/dp/B071YK8NP1/ref=sr_1_54?dchild=1&keywords=laptop+asus+a15&qid=1617698486&s=pc&sr=1-54,1999.0,1999.0,16.0,3.7,0.0
"ASUS - ROG Zephyrus G14 14"" Ultra-Slim Gaming Laptop - AMD Ryzen 9 4900HS NVIDIA GeForce RTX 2060 Max-Q 32GB DDR4 RAM, 1024GB PCIE SSD, 0TB HDD, Backlit Keyboard, Windows 10 Home Moonlight White",ASUS - ROG Zephyrus ,/ASUS-Zephyrus-Ultra-Slim-Keyboard-Moonlight/dp/B08GWZV7NX/ref=sr_1_16?dchild=1&keywords=laptop+asus+a15&qid=1617698478&s=pc&sr=1-16,1599.0,1599.0,3.0,3.5,0.0
"ASUS VivoBook 15.6"" FHD Anti-Glare Laptop, Intel Quad Core A12-9720P 2.7GHz up to 3.6GHz, 4GB DDR4, 128GB SSD, AMD Radeon R7, USB Type-C, Bluetooth, Fingerprint Reader, Webcam, WiFi, HDMI, Windows 10","ASUS VivoBook 15.6"" ",/ASUS-Anti-Glare-A12-9720P-Bluetooth-Fingerprint/dp/B07TSB5SSQ/ref=sr_1_26?dchild=1&keywords=laptop+asus+a15&qid=1617698478&s=pc&sr=1-26,470.9,470.9,8.0,4.2,0.0
"2020 Newest Lightweight ASUS VivoBook 15.6"" FHD Laptop Computer, 4-core AMD Ryzen 7-3700U,Radeon RX Vega 10, 20GB RAM, 512GB PCIe SSD, Webcam, HDMI, Win 10, Silver with 32GB Efuture USB Card",2020 Newest Lightwei,/ASUS-VivoBook15-i3-1005G1-I5-7200U-Fingerprint/dp/B08BF56ST5/ref=sr_1_25?dchild=1&keywords=laptop+asus+a15&qid=1617698478&s=pc&sr=1-25,799.0,799.0,16.0,4.5,0.0
"ASUS L203MA-DS04 VivoBook L203MA Laptop, 11.6” HD Display, Intel Celeron Dual Core CPU, 4GB RAM, 64GB Storage, USB-C, Windows 10 Home In S Mode, Up To 10 Hours Battery Life, One Year Of Microsoft 365",ASUS L203MA-DS04 Viv,/ASUS-Ultra-Thin-Processor-L203MA-DS04-Microsoft/dp/B07N6S4SY1/ref=sr_1_24?dchild=1&keywords=laptop+asus+a15&qid=1617698478&s=pc&sr=1-24,259.99,259.99,0.0,4.3,0.0
"HP Elitebook 1030 X360 G2 2-in-1 13.3” Full HD FHD(1920x1080) Privacy Touchscreen Business Laptop (Intel i7-7600U, 16GB RAM, 512GB PCIe NVMe SSD) Thunderbolt, Fingerprint, Windows 10 Pro (Renewed)",HP Elitebook 1030 X3,/gp/slredirect/picassoRedirect.html/ref=pa_sp_btf_computers_sr_pg1_1?ie=UTF8&adId=A01800622CD4A9IJ39XUU&url=%2FHP-Elitebook-Touchscreen-Thunderbolt-Fingerprint%2Fdp%2FB082XD5HB5%2Fref%3Dsr_1_22_sspa%3Fdchild%3D1%26keywords%3Dlaptop%2Basus%2Ba15%26qid%3D1617698478%26s%3Dpc%26sr%3D1-22-spons%26psc%3D1&qualifier=1617698478&id=3952401765449690&widgetName=sp_btf,639.99,639.99,35.0,0.0,0.0
"Puccy Anti Blue Light Tempered Glass Screen Protector Film, compatible with ASUS TUF Gaming A15 15.6"" （Active Area Cover Only） Protective Protectors Guard",Puccy Anti Blue Ligh,/Puccy-Protector-compatible-Protective-Protectors/dp/B08TH9Q3LM/ref=sr_1_20?dchild=1&keywords=laptop+asus+a15&qid=1617698478&s=pc&sr=1-20,49.49,49.49,0.0,0.0,0.0
"ASUS VivoBook 15 Thin and Light Laptop, 15.6” FHD, Intel Core i3-8145U CPU, 8GB RAM, 128GB SSD, Windows 10 in S Mode, F512FA-AB34, Slate Gray",ASUS VivoBook 15 Thi,/ASUS-VivoBook-i3-8145U-Windows-F512FA-AB34/dp/B07RK5M35T/ref=sr_1_18?dchild=1&keywords=laptop+asus+a15&qid=1617698478&s=pc&sr=1-18,477.99,477.99,952.0,4.5,0.0
"2020 ASUS VivoBook 15 15.6 Inch FHD 1080P Laptop (AMD Ryzen 3 3200U up to 3.5GHz, 16GB DDR4 RAM, 256GB SSD, AMD Radeon Vega 3, Backlit Keyboard, FP Reader, WiFi, Bluetooth, HDMI, Windows 10) (Grey)",2020 ASUS VivoBook 1,/ASUS-VivoBook-Backlit-Keyboard-Bluetooth/dp/B07Y5PK8SC/ref=sr_1_15?dchild=1&keywords=laptop+asus+a15&qid=1617698478&s=pc&sr=1-15,684.0,684.0,362.0,4.3,0.0
"Dell Inspiron 15 3000 15.6"" FHD LED-Backlit Touchscreen Laptop, AMD Ryzen 5 3450U up to 3.5GHz, 12GB DDR4, 256GB SSD + 1TB HDD, HDMI, Wi-Fi, Bluetooth, Windows 10 Home S, TWE Mouse Pad",Dell Inspiron 15 300,/gp/slredirect/picassoRedirect.html/ref=pa_sp_atf_next_computers_sr_pg2_1?ie=UTF8&adId=A016007538JL878P6E5CA&url=%2FDell-Inspiron-3000-LED-Backlit-Touchscreen%2Fdp%2FB08R5G75NJ%2Fref%3Dsr_1_26_sspa%3Fdchild%3D1%26keywords%3Dlaptop%2Basus%2Ba15%26qid%3D1617698486%26s%3Dpc%26sr%3D1-26-spons%26psc%3D1%26smid%3DAOU8L1W39PVLE&qualifier=1617698486&id=5488950642072768&widgetName=sp_atf_next,665.0,665.0,0.0,0.0,0.0
"Asus TUF Gaming Laptop FX504 15.6” Full HD IPS-Level, 8th Gen Intel Core i5-8300H (Up to 3.9GHz), GeForce GTX 1050, 8GB DDR4 2666MHz, 256GB M.2 SSD, Gigabit WiFi, Windows 10 - FX504GD-NH51",Asus TUF Gaming Lapt,/ASUS-IPS-Level-i5-8300H-GeForce-2666MHz/dp/B07L28M2CB/ref=sr_1_13?dchild=1&keywords=laptop+asus+a15&qid=1617698478&s=pc&sr=1-13,736.99,736.99,188.0,4.4,0.0
Asus Vivobook L510 Ultra Thin Laptop I 15.6” FHD Display I Intel Celeron N4020 I 4GB RAM 64GB eMMC I Backlit Fingerprint USB-C HDMI Win10S + 2Weeks SkyCare Support,Asus Vivobook L510 U,/gp/slredirect/picassoRedirect.html/ref=pa_sp_mtf_computers_sr_pg1_1?ie=UTF8&adId=A0438195YWDZGVQO3W5C&url=%2FVivobook-Display-Celeron-Backlit-Fingerprint%2Fdp%2FB08Z1HXK6H%2Fref%3Dsr_1_12_sspa%3Fdchild%3D1%26keywords%3Dlaptop%2Basus%2Ba15%26qid%3D1617698478%26s%3Dpc%26sr%3D1-12-spons%26psc%3D1&qualifier=1617698478&id=3952401765449690&widgetName=sp_mtf,319.99,319.99,0.0,0.0,0.0
"ASUS VivoBook F412DA 14"" Laptop - AMD Ryzen 5 - 1080p 8GB DDR4 RAM 256GB SATA Solid State Drive Backlit Chiclet Keyboard",ASUS VivoBook F412DA,/ASUS-VivoBook-F412DA-14-Laptop/dp/B07W7PWTL5/ref=sr_1_10?dchild=1&keywords=laptop+asus+a15&qid=1617698478&s=pc&sr=1-10,499.99,499.99,24.0,4.2,0.0
"ASUS TUF Gaming A15 Gaming Laptop, 15.6” 144Hz Full HD IPS-Type Display, AMD Ryzen 5 4600H, GeForce GTX 1650 Ti, 8GB DDR4, 512GB PCIe SSD, RGB Keyboard, Windows 10 Home, Bonfire Black, FA506II-AS53",ASUS TUF Gaming A15 ,/ASUS-IPS-Type-Display-Keyboard-FA506II-AS53/dp/B08W2SJRZM/ref=sr_1_5?dchild=1&keywords=laptop+asus+a15&qid=1617698478&s=pc&sr=1-5,799.99,799.99,3.0,5.0,0.0
"ASUS TUF Gaming A15 Gaming Laptop, 15.6” 144Hz Full HD IPS-Type Display, AMD Ryzen 5 4600H, GeForce GTX 1650, 8GB DDR4, 512GB PCIe SSD, RGB Keyboard, Windows 10 Home, Bonfire Black, FA506IH-AS53",ASUS TUF Gaming A15 ,/ASUS-IPS-Type-GeForce-Gigabit-FA506IH-AS53/dp/B0865THZCL/ref=sr_1_4?dchild=1&keywords=laptop+asus+a15&qid=1617698478&s=pc&sr=1-4,959.99,959.99,0.0,4.7,0.0
"ASUS TUF TUF506IU-ES74 Gaming A15 Gaming Laptop, 15.6” 144Hz Full HD IPS-Type, AMD Ryzen 7 4800H, GeForce GTX 1660 Ti, 16GB DDR4, 512GB PCIe SSD, 90WHr Battery, RGB Backlit KB, Windows 10 Home",ASUS TUF TUF506IU-ES,/ASUS-IPS-Type-GeForce-Battery-TUF506IU-ES74/dp/B0865RZR9S/ref=sr_1_3?dchild=1&keywords=laptop+asus+a15&qid=1617698478&s=pc&sr=1-3,1099.0,1099.0,659.0,4.5,0.0
"Panasonic Toughbook CF-53 MK4, i5-4310M @2.00GHz, 14"" HD Touchscreen, 8GB, 480GB SSD, Windows 10 Pro, WiFi, Bluetooth, DVD (Renewed)",Panasonic Toughbook ,/gp/slredirect/picassoRedirect.html/ref=pa_sp_atf_next_computers_sr_pg2_1?ie=UTF8&adId=A10159842DPFA7782OBVN&url=%2FPanasonic-Toughbook-i5-4310M-Touchscreen-Bluetooth%2Fdp%2FB084QJRXFW%2Fref%3Dsr_1_25_sspa%3Fdchild%3D1%26keywords%3Dlaptop%2Basus%2Ba15%26qid%3D1617698486%26s%3Dpc%26sr%3D1-25-spons%26psc%3D1%26smid%3DA36K791YDVLEGC&qualifier=1617698486&id=5488950642072768&widgetName=sp_atf_next,699.0,699.0,55.0,0.0,0.0
"ASUS ROG G531GT-BI7N6 15.6"" FHD Gaming Laptop Computer, Intel Hexa-Core i7-9750H Up to 4.5GHz, 8GB DDR4, 512GB SSD, NVIDIA GeForce GTX 1650, 802.11ac WiFi, HDMI, USB 3.0, Windows 10",ASUS ROG G531GT-BI7N,/ASUS-ROG-G531GT-i7-9750H-1650-8GB/dp/B07RKSNCT6/ref=sr_1_27?dchild=1&keywords=laptop+asus+a15&qid=1617698486&s=pc&sr=1-27,999.0,999.0,250.0,4.6,0.0
"Puccy 2 Pack Back Protector Film, compatible with ASUS TUF Gaming A15 FA506II / FA506IU / FA506IH 15.6"" Black Carbon TPU Guard Cover （ Not Tempered Glass/Not Front Screen Protectors）",Puccy 2 Pack Back Pr,/Puccy-Protector-compatible-Tempered-Protectors%EF%BC%89/dp/B08ZN6RGWW/ref=sr_1_53?dchild=1&keywords=laptop+asus+a15&qid=1617698486&s=pc&sr=1-53,18.98,18.98,0.0,0.0,0.0
"Puccy 3 Pack Screen Protector Film, compatible with ASUS TUF Gaming A15 15.6"" TPU Guard （ Not Tempered Glass Protectors ）",Puccy 3 Pack Screen ,/Puccy-Protector-compatible-Tempered-Protectors/dp/B08TJ2BXHK/ref=sr_1_43?dchild=1&keywords=laptop+asus+a15&qid=1617698486&s=pc&sr=1-43,20.98,20.98,0.0,0.0,0.0
"Puccy Anti Blue Light Tempered Glass Screen Protector Film, compatible with ASUS TUF Gaming A15 FA506IV 15.6"" （Active Area Cover Only） Protective Protectors Guard",Puccy Anti Blue Ligh,/Puccy-Protector-compatible-Protective-Protectors/dp/B08TH72L7N/ref=sr_1_51?dchild=1&keywords=laptop+asus+a15&qid=1617698486&s=pc&sr=1-51,49.49,49.49,0.0,0.0,0.0
"ASUS ProArt StudioBook Pro X Mobile Workstation Laptop, 17” FHD Narrow Bezel, Intel Xeon E-2276M, 64GB ECC DDR4, 4TB PCIe SSD, Nvidia Quadro RTX 5000, Windows 10 Pro, W730G5T-XH99, Star Grey",ASUS ProArt StudioBo,/ASUS-StudioBook-Workstation-Windows-W730G5T-XH99/dp/B085G94CKV/ref=sr_1_49?dchild=1&keywords=laptop+asus+a15&qid=1617698486&s=pc&sr=1-49,4999.99,4999.99,38.0,4.2,0.0
"Asus Vivobook 15 Thin and Light 15.6” FHD, AMD Quad Core R3-3200U CPU, 8GB DDR4 RAM, 128G SSD, AMD Radeon Vega 3 Graphics, Windows 10 in S Mode, F512DA-DB34, Slate Gray",Asus Vivobook 15 Thi,/Vivobook-R3-3200U-Graphics-Windows-F512DA-DB34/dp/B07VD71VHJ/ref=sr_1_47?dchild=1&keywords=laptop+asus+a15&qid=1617698486&s=pc&sr=1-47,546.49,546.49,53.0,4.1,0.0
"Used Well Laptops Elite Book 840 G1 14.0 Inch High Performance Laptop Computer, Intel i5 4300U up to 2.5GHz, 8GB Memory, 500GB HDD, USB 3.0, Window 10 Professional",Used Well Laptops El,/gp/slredirect/picassoRedirect.html/ref=pa_sp_btf_computers_sr_pg2_1?ie=UTF8&adId=A02950291D5E6I6CE9J3M&url=%2F840-G1-Performance-Computer-Professional%2Fdp%2FB08K2MW4C7%2Fref%3Dsr_1_46_sspa%3Fdchild%3D1%26keywords%3Dlaptop%2Basus%2Ba15%26qid%3D1617698486%26s%3Dpc%26sr%3D1-46-spons%26psc%3D1&qualifier=1617698486&id=5488950642072768&widgetName=sp_btf,325.34,325.34,7.0,0.0,0.0
Timetec 16GB KIT(2x8GB) DDR3L / DDR3 1600MHz PC3L-12800 / PC3-12800 Non-ECC Unbuffered 1.35V / 1.5V CL11 2Rx8 Dual Rank 204 Pin SODIMM Laptop Notebook Computer Memory RAM Module Upgrade,Timetec 16GB KIT(2x8,/gp/slredirect/picassoRedirect.html/ref=pa_sp_btf_computers_sr_pg2_1?ie=UTF8&adId=A0586213DXWU202TH95A&url=%2FTimetec-1600MHz-PC3L-12800-Unbuffered-SODIMM%2Fdp%2FB0145WDNF2%2Fref%3Dsr_1_45_sspa%3Fdchild%3D1%26keywords%3Dlaptop%2Basus%2Ba15%26qid%3D1617698486%26s%3Dpc%26sr%3D1-45-spons%26psc%3D1%26smid%3DA23AD5LOJUVSEP&qualifier=1617698486&id=5488950642072768&widgetName=sp_btf,63.99,63.99,0.0,0.0,0.0
"ASUS TUF (2019) Gaming Laptop, 15.6” 120Hz FHD IPS-Type, AMD Ryzen 7 R7-3750H, GeForce GTX 1660 Ti, 16GB DDR4, 256GB PCIe SSD + 1TB HDD, Gigabit Wi-Fi 5, RGB KB, Windows 10 Home, TUF505DU-EB74",ASUS TUF (2019) Gami,/ASUS-IPS-Type-R7-3750H-GeForce-TUF505DU-EB74/dp/B07QQB6DC1/ref=sr_1_44?dchild=1&keywords=laptop+asus+a15&qid=1617698486&s=pc&sr=1-44,1999.99,1999.99,559.0,4.3,0.0
"Asus VivoBook F441 Light and Powerful Laptop, AMD A9 Dual Core Processor (Boost Up to 3.6 GHz), Radeon R5 Graphics, 8GB DDR4 RAM, 256GB SSD, 14” FHD Display, Windows 10, F441BA-DS94",Asus VivoBook F441 L,/VivoBook-Powerful-Processor-Graphics-F441BA-DS94/dp/B079QZ5DD7/ref=sr_1_39?dchild=1&keywords=laptop+asus+a15&qid=1617698486&s=pc&sr=1-39,569.99,569.99,85.0,3.3,0.0
"ASUS VivoBook S15 S533 Thin and Light Laptop, 15.6” FHD Display, Intel Core i5-10210U CPU, 8GB DDR4 RAM, 512GB PCIe SSD, Windows 10 Home, Resolute Red, S533FA-DS51-RD",ASUS VivoBook S15 S5,/ASUS-VivoBook-i5-10210U-Resolute-S533FA-DS51-RD/dp/B0852C5WJV/ref=sr_1_28?dchild=1&keywords=laptop+asus+a15&qid=1617698486&s=pc&sr=1-28,899.0,899.0,202.0,4.7,0.0
"ASUS Newest 11.6"" HD Laptop - Intel Celeron Processor, 4GB RAM, 32GB eMMC Flash Memory, HDMI, Bluetooth, Windows 10","ASUS Newest 11.6"" HD",/ASUS-Newest-11-6-Laptop-Processor/dp/B07MGT236W/ref=sr_1_37?dchild=1&keywords=laptop+asus+a15&qid=1617698486&s=pc&sr=1-37,259.99,259.99,786.0,4.1,0.0
"New_Dell Inspiron FHD 15.6 Inch Laptop Student Business Computer, AMD Ryzen 5 (Beat Intel Core i5 8265u), 8GB RAM, 512GB SSD, HDMI, WiFi, Bluetooth, Win 10, 1-Week AimCare Sup.",New_Dell Inspiron FH,/gp/slredirect/picassoRedirect.html/ref=pa_sp_mtf_computers_sr_pg2_1?ie=UTF8&adId=A074919435KZE2RKCR2D4&url=%2FNew_Dell-Inspiron-Business-Bluetooth-AimCare%2Fdp%2FB08Z4JBM13%2Fref%3Dsr_1_35_sspa%3Fdchild%3D1%26keywords%3Dlaptop%2Basus%2Ba15%26qid%3D1617698486%26s%3Dpc%26sr%3D1-35-spons%26psc%3D1&qualifier=1617698486&id=5488950642072768&widgetName=sp_mtf,499.0,499.0,3.0,0.0,0.0
"ASUS VivoBook F510QA Thin & Lightweight Laptop, 15.6” FHD WideView, AMD Quad Core A12-9720P Processor, 8GB RAM, 256G SSD, Fingerprint Reader, Windows 10 in S mode, F510QA-DS99",ASUS VivoBook F510QA,/ASUS-Lightweight-A12-9720P-Fingerprint-F510QA-DS99/dp/B07QFNNJQ9/ref=sr_1_34?dchild=1&keywords=laptop+asus+a15&qid=1617698486&s=pc&sr=1-34,549.0,549.0,346.0,4.0,0.0
"Asus ROG Strix G (2019) Gaming Laptop, 17.3” IPS Type FHD, NVIDIA GeForce GTX 1650, Intel Core i7-9750H, 16GB DDR4, 512GB PCIe Nvme SSD, RGB KB, Windows 10 Home, GL731GT-PH74",Asus ROG Strix G (20,/Gaming-GeForce-i7-9750H-Windows-GL731GT-PH74/dp/B07X6X1QPH/ref=sr_1_33?dchild=1&keywords=laptop+asus+a15&qid=1617698486&s=pc&sr=1-33,1699.0,1699.0,271.0,4.3,0.0
"ASUS Vivobook K571 Laptop, 15.6” FHD, Intel Core i7-9750H CPU, NVIDIA GeForce GTX 1650, 16GB RAM, 256GB PCIe Nvme SSD + 1TB HDD, Windows 10 Home, K571GT-EB76, Star Black",ASUS Vivobook K571 L,/ASUS-Vivobook-i7-9750H-GeForce-K571GT-EB76/dp/B07VLPQCNZ/ref=sr_1_32?dchild=1&keywords=laptop+asus+a15&qid=1617698486&s=pc&sr=1-32,1049.99,1049.99,180.0,4.5,0.0
"ASUS - FX505DD 15.6"" Gaming Laptop - AMD Ryzen 5 - 8GB Memory - NVIDIA GeForce GTX 1050 - 256GB Solid State Drive - Black","ASUS - FX505DD 15.6""",/ASUS-FX505DD-Gaming-Laptop-GeForce/dp/B07V336VJJ/ref=sr_1_30?dchild=1&keywords=laptop+asus+a15&qid=1617698486&s=pc&sr=1-30,739.0,739.0,162.0,4.4,0.0
Used Well Condition pro Book 430-g3 Laptop 13.3-inch Intel Core i3-6100U 2.3 GHz Dual-Core Processor 4 GB DDR3 SDRAM 1600 MHz RAM 500 GB HDD with Activated Windows 10,Used Well Condition ,/gp/slredirect/picassoRedirect.html/ref=pa_sp_btf_computers_sr_pg4_1?ie=UTF8&adId=A09673311ILLUM3RN86JU&url=%2FCondition-430-g3-13-3-inch-Dual-Core-Processor%2Fdp%2FB08P4NXTSG%2Fref%3Dsr_1_87_sspa%3Fdchild%3D1%26keywords%3Dlaptop%2Basus%2Ba15%26qid%3D1617698501%26s%3Dpc%26sr%3D1-87-spons%26psc%3D1&qualifier=1617698501&id=7803689857086929&widgetName=sp_btf,305.0,305.0,6.0,0.0,0.0
"Asus TUF FX505DT Gaming Laptop, 15.6 inches 120Hz Full HD, AMD Ryzen 5 R5-3550H Processor, GeForce GTX 1650 Graphics, 8GB DDR4, 256GB PCIe SSD, Gigabit (Renewed)",Asus TUF FX505DT Gam,/FX505DT-R5-3550H-Processor-GeForce-Graphics/dp/B07ZTRMB9V/ref=sr_1_6?dchild=1&keywords=laptop+asus+a15&qid=1617698478&s=pc&sr=1-6,0.0,0.0,31.0,4.1,
"ASUS TUF (2019) Gaming Laptop, 15.6” 120Hz Full HD IPS-Type, AMD Ryzen 7 3750H, GeForce GTX 1650, 8GB DDR4, 512GB PCIe SSD, Gigabit Wi-Fi 5, Windows 10 Home, FX505DT-EB73 (Renewed)",ASUS TUF (2019) Gami,/ASUS-IPS-Type-GeForce-Gigabit-FX505DT-EB73/dp/B07T15X5H6/ref=sr_1_8?dchild=1&keywords=laptop+asus+a15&qid=1617698478&s=pc&sr=1-8,0.0,0.0,20.0,4.2,
"2020 ASUS VivoBook 15 15.6 Inch FHD 1080P Laptop (AMD Ryzen 3 3200U up to 3.5GHz, 8GB DDR4 RAM, 256GB SSD, AMD Radeon Vega 3, Backlit Keyboard, FP Reader, WiFi, Bluetooth, HDMI, Windows 10) (Grey)",2020 ASUS VivoBook 1,/ASUS-VivoBook-Backlit-Keyboard-Bluetooth/dp/B07Y5PDX7D/ref=sr_1_11?dchild=1&keywords=laptop+asus+a15&qid=1617698478&s=pc&sr=1-11,0.0,0.0,276.0,4.5,
"Asus TUF Gaming Laptop, 15.6” Full HD IPS-Type, Intel Core i7-9750H, GeForce GTX 1650, 8GB DDR4, 512GB PCIe SSD, Gigabit Wi-Fi 5, Windows 10 Home, TUF505GT-AH73",Asus TUF Gaming Lapt,/IPS-Type-i7-9750H-GeForce-Gigabit-TUF505GT-AH73/dp/B07VCNTRG6/ref=sr_1_14?dchild=1&keywords=laptop+asus+a15&qid=1617698478&s=pc&sr=1-14,0.0,0.0,170.0,4.4,
"ASUS ROG Zephyrus S15 Gaming Laptop, 15.6” 300Hz FHD IPS Type, NVIDIA GeForce RTX 2080S Max-Q, Intel Core i7-10875H, 32GB DDR4, 1TB RAID 0 SSD, Per-Key RGB, Thunderbolt 3, Win10 Pro, GX502LXS-XS79",ASUS ROG Zephyrus S1,/ASUS-Zephyrus-i7-10875H-Thunderbolt-GX502LXS-XS79/dp/B0876MBLTN/ref=sr_1_19?dchild=1&keywords=laptop+asus+a15&qid=1617698478&s=pc&sr=1-19,0.0,0.0,208.0,4.0,
"ASUS TUF FX505DT Gaming Laptop- 15.6"", 120Hz Full HD, AMD Ryzen 5 R5-3550H Processor, GeForce GTX 1650 Graphics, 8GB DDR4, 256GB PCIe SSD, RGB Keyboard, Windows 10 64-bit - FX505DT-AH51",ASUS TUF FX505DT Gam,/R5-3550H-Processor-Graphics-FX505DT-AH51-Keyboard/dp/B07VBK4SYS/ref=sr_1_23?dchild=1&keywords=laptop+asus+a15&qid=1617698478&s=pc&sr=1-23,0.0,0.0,0.0,4.5,
"ASUS VivoBook Flip Laptop, 14 Touch Screen, Intel Core i3, 4GB Memory, 128GB Solid State Drive, Windows 10 Home in S Mode,TP412F",ASUS VivoBook Flip L,/ASUS-VivoBook-Laptop-Windows-TP412FA-OS31T/dp/B07S1BM89K/ref=sr_1_27?dchild=1&keywords=laptop+asus+a15&qid=1617698478&s=pc&sr=1-27,0.0,0.0,14.0,3.8,
"ASUS VivoBook S15 Thin & Light Laptop, 15.6” FHD Display, Intel Core i5-8265U CPU, 8GB DDR4 RAM, PCIe NVMe 512GB SSD, Windows 10 Home, Transparent Silver, S532FA-DB55",ASUS VivoBook S15 Th,/Vivobook-I5-8265U-Windows-S532FA-DB55-Transparent/dp/B07RYN7P21/ref=sr_1_28?dchild=1&keywords=laptop+asus+a15&qid=1617698478&s=pc&sr=1-28,0.0,0.0,72.0,4.5,
"ASUS VivoBook 15 Thin and Light Laptop, 15.6” Full HD, AMD Quad Core R5-3500U CPU, 8GB DDR4 RAM, 128GB SSD + 1TB HDD, AMD Radeon Vega 8 Graphics, Windows 10 Home, F512DA-EB55, Slate Gray",ASUS VivoBook 15 Thi,/ASUS-VivoBook-R5-3500U-Graphics-F512DA-EB55/dp/B07R2YLQNK/ref=sr_1_29?dchild=1&keywords=laptop+asus+a15&qid=1617698478&s=pc&sr=1-29,0.0,0.0,0.0,4.2,
"Asus ROG Strix Scar II Gaming Laptop, 17” 144Hz IPS-Type Full HD, NVIDIA GeForce RTX 2060 6GB, Intel Core i7-8750H, 16GB DDR4 RAM, 512GB PCIe SSD, RGB KB, Windows 10 - GL704GV-DS74",Asus ROG Strix Scar ,/ASUS-IPS-Type-GeForce-i7-8750H-Windows/dp/B07M68BZT5/ref=sr_1_30?dchild=1&keywords=laptop+asus+a15&qid=1617698478&s=pc&sr=1-30,0.0,0.0,315.0,4.3,
"ASUS Tuf (2019) Gaming Laptop, 15.6” Full HD IPS-Type, AMD Ryzen 7 R7-3750H, GeForce RTX 2060, 16GB DDR4, 512GB PCIe SSD, Gigabit Wi-Fi 5, Windows 10 Home, FX505DV-PB74",ASUS Tuf (2019) Gami,/ASUS-IPS-Type-R7-3750H-GeForce-FX505DV-PB74/dp/B07SXTDL1S/ref=sr_1_29?dchild=1&keywords=laptop+asus+a15&qid=1617698486&s=pc&sr=1-29,0.0,0.0,192.0,4.4,
"ASUS VivoBook S Ultra Thin and Portable Laptop, Intel Core i7-8550U Processor, 8GB DDR4 RAM, 128GB SSD+1TB HDD, 15.6” FHD WideView Display, ASUS NanoEdge Bezel, S510UA-DS71",ASUS VivoBook S Ultr,/VivoBook-Portable-i7-8550U-Processor-S510UA-DS71/dp/B077XFNXX1/ref=sr_1_36?dchild=1&keywords=laptop+asus+a15&qid=1617698486&s=pc&sr=1-36,0.0,0.0,286.0,4.2,
"ASUS ZenBook 13 Ultra-Slim Laptop- 13.3” Full HD Wideview, 8th Gen Intel Core I5-8265U, 8GB LPDDR3, 512GB PCIe SSD, Backlit KB, Fingerprint, Windows 10- UX331FA-AS51 Slate Grey",ASUS ZenBook 13 Ultr,/Ultra-Slim-Wideview-I5-8265U-Fingerprint-UX331FA-AS51/dp/B07QXKW89P/ref=sr_1_38?dchild=1&keywords=laptop+asus+a15&qid=1617698486&s=pc&sr=1-38,0.0,0.0,587.0,4.4,
"ASUS VivoBook E403NA-US04 Thin and Lightweight 14” FHD Laptop, Intel Celeron N3350 Processor, 4GB RAM, 64GB eMMC Storage, 802.11ac Wi-Fi, USB-C, Windows 10",ASUS VivoBook E403NA,/ASUS-VivoBook-E403NA-US04-Lightweight-Processor/dp/B076CRF7DN/ref=sr_1_41?dchild=1&keywords=laptop+asus+a15&qid=1617698486&s=pc&sr=1-41,0.0,0.0,69.0,3.6,
"ASUS TUF Gaming A15 Gaming Laptop, 15.6” 144Hz FHD IPS-Type, AMD Ryzen 7 4800H, GeForce GTX 1660 Ti, 16GB DDR4, 512GB PCIe SSD, 90WHr Battery, RGB Backlit KB, Win 10 Home, TUF506IU-ES74 (Renewed)",ASUS TUF Gaming A15 ,/ASUS-IPS-Type-GeForce-Battery-TUF506IU-ES74/dp/B08HRZRCLK/ref=sr_1_42?dchild=1&keywords=laptop+asus+a15&qid=1617698486&s=pc&sr=1-42,0.0,0.0,0.0,0.0,
"ASUS VivoBook 15 Thin and Light Laptop, 15.6” Full HD, AMD Quad Core R5-3500U CPU, 8GB DDR4 RAM, 128GB SSD + 1TB HDD, AMD Radeon Vega 8 Graphics, Windows 10 Home, F512DA-EB55-BL, Peacock Blue",ASUS VivoBook 15 Thi,/ASUS-VivoBook-R5-3500U-Graphics-F512DA-EB55-BL/dp/B07QYNBVPD/ref=sr_1_48?dchild=1&keywords=laptop+asus+a15&qid=1617698486&s=pc&sr=1-48,0.0,0.0,75.0,4.3,
"Asus ROG Strix Scar Edition GL703GE Gaming Laptop, 17.3” 120Hz Full HD 3ms, 8th Gen Intel Core i7-8750H Processor, GTX 1050 Ti 4GB, 16GB DDR4, 256GB SSD + 1TB HDD, Windows 10 Home, GL703GE-AS74",Asus ROG Strix Scar ,/GL703GE-i7-8750H-Processor-Windows-GL703GE-AS74/dp/B07RTNG5FJ/ref=sr_1_52?dchild=1&keywords=laptop+asus+a15&qid=1617698486&s=pc&sr=1-52,0.0,0.0,169.0,4.2,
"2019 ASUS 15.6"" High Performance Laptop Computer, AMD Quad-Core A12-9720P Processor up to 3.6GHz, 8GB DDR4 RAM, 128GB SSD, AMD Radeon R7 Graphics, WiFi, Bluetooth, USB 3.0, HDMI, Windows 10 Home","2019 ASUS 15.6"" High",/ASUS-Performance-Quad-Core-A12-9720P-Processor/dp/B07QR3SDP4/ref=sr_1_51?dchild=1&keywords=laptop+asus+a15&qid=1617698494&s=pc&sr=1-51,0.0,0.0,228.0,4.2,
"Asus Vivobook S15 S530FA Thin & Light Laptop, 15.6” FHD NanoEdge Bezel, Intel Core I5-8265U (Up to 3.9 GHz), 8GB DDR4, 256GB SSD, Icicle Gold Metal Finish, Windows 10 Home, S530FA-DB51-IG",Asus Vivobook S15 S5,/ASUS-Vivobook-Portable-NanoEdge-Processor/dp/B07M9SMVK6/ref=sr_1_52?dchild=1&keywords=laptop+asus+a15&qid=1617698494&s=pc&sr=1-52,0.0,0.0,45.0,4.2,
"Asus Vivobook S15 Thin & Light Laptop, 15.6” FHD, Intel Core I5-8265U CPU, 8GB DDR4 RAM, PCIe NVMe 512GB SSD, Windows 10 Home, S532FA-DB55-GN, Moss Green",Asus Vivobook S15 Th,/Vivobook-Laptop-I5-8265U-Windows-S532FA-DB55-GN/dp/B07SSKWHLX/ref=sr_1_54?dchild=1&keywords=laptop+asus+a15&qid=1617698494&s=pc&sr=1-54,0.0,0.0,54.0,4.3,
"ASUS Vivobook 2019 Premium 14 HD Non-Touch Laptop Notebook Computer, 2-Core AMD A6 2.6GHz, 8GB DDR4 RAM, 1TB HDD, No DVD, Wi-Fi|Bluetooth|Webcam|HDMI|VGA, Windows 10",ASUS Vivobook 2019 P,/ASUS-Vivobook-Non-Touch-Notebook-Bluetooth/dp/B07S1BXZD1/ref=sr_1_60?dchild=1&keywords=laptop+asus+a15&qid=1617698494&s=pc&sr=1-60,0.0,0.0,1.0,1.0,
"Asus X555d Full HD 15.6” Full HD 1080P Laptop (AMD A10-8700P Quad Core Processor with Radeon R6 Graphics, 8GB RAM, 256GB SSD, DVD, 802.11ac, HDMI, Webcam, Windows 10)",Asus X555d Full HD 1,/Asus-A10-8700P-Processor-Graphics-802-11ac/dp/B01MQDRHQD/ref=sr_1_68?dchild=1&keywords=laptop+asus+a15&qid=1617698494&s=pc&sr=1-68,0.0,0.0,30.0,3.2,
"ASUS TUF (2019) Gaming Laptop, 15.6” 120Hz Full HD IPS-Type, AMD Ryzen 7 3750H, GeForce GTX 1650, 8GB DDR4, 512GB PCIe SSD, Gigabit Wi-Fi 5, Windows 10 Home, FX505DT-EB73 (Renewed)",ASUS TUF (2019) Gami,/gp/slredirect/picassoRedirect.html/ref=pa_sp_btf_computers_sr_pg3_1?ie=UTF8&adId=A06223452UNIQB1V2NARA&url=%2FASUS-IPS-Type-GeForce-Gigabit-FX505DT-EB73%2Fdp%2FB07T15X5H6%2Fref%3Dsr_1_70_sspa%3Fdchild%3D1%26keywords%3Dlaptop%2Basus%2Ba15%26qid%3D1617698494%26s%3Dpc%26sr%3D1-70-spons%26psc%3D1&qualifier=1617698494&id=4200197485281008&widgetName=sp_btf,0.0,0.0,20.0,0.0,
"Asus Vivobook E203MA Thin and Lightweight 11.6 inches HD Laptop, Intel Celeron N4000 Processor, 2GB RAM, 32GB eMMC Storage, 802.11AC Wi-Fi, HDMI, USB-C, Win 10 (Renewed)",Asus Vivobook E203MA,/Vivobook-Lightweight-Processor-Certified-Refurbished/dp/B07NJG6YGL/ref=sr_1_73?dchild=1&keywords=laptop+asus+a15&qid=1617698494&s=pc&sr=1-73,0.0,0.0,30.0,3.7,
"ASUS ROG Strix Scar Edition Gaming Laptop, 17.3” 120Hz 3ms Full HD, Intel Core i7-8750H Processor, NVIDIA GeForce GTX 1060 6GB, 16GB DDR4, 256GB PCIe SSD + 1TB FireCuda, Windows 10 - GL703GM-DS74",ASUS ROG Strix Scar ,/Gaming-8th-Gen-i7-8750H-Processor-Windows/dp/B07BPB3FL5/ref=sr_1_81?dchild=1&keywords=laptop+asus+a15&qid=1617698501&s=pc&sr=1-81,0.0,0.0,80.0,4.0,
"New ASUS VivoBook 2 in 1 Flip 14"" FHD LCD Touchscreen Laptop Computer, Intel Pentium N5000 up to 2.7GHz, 4GB LPDDR4, 64GB eMMC, Bluetooth, Webcam, Micro HDMI, Fingerprint Reader, Window 10 in S Mode",New ASUS VivoBook 2 ,/ASUS-VivoBook-Touchscreen-Bluetooth-Fingerprint/dp/B07KWRD7DD/ref=sr_1_84?dchild=1&keywords=laptop+asus+a15&qid=1617698501&s=pc&sr=1-84,0.0,0.0,148.0,4.2,
